{
  "experiment": "exp13d \u2014 directed attention from current paragraph-start token",
  "n_triplets": 604,
  "skipped": 0,
  "prev_starts": {
    "stego_mean": [
      0.005228,
      0.00268,
      0.013991,
      0.003,
      0.004446,
      0.008251,
      0.007809,
      0.010552,
      0.017438,
      0.015331,
      0.040765,
      0.045765,
      0.06375,
      0.047024,
      0.038279,
      0.067671,
      0.040989,
      0.02199,
      0.011103,
      0.01612,
      0.00994,
      0.006791,
      0.010041,
      0.007139,
      0.003825,
      0.001999,
      0.00678,
      0.005266,
      0.015436,
      0.009203,
      0.012508,
      0.011124
    ],
    "open_mean": [
      0.00662,
      0.004574,
      0.01556,
      0.004544,
      0.005744,
      0.013534,
      0.013386,
      0.011651,
      0.01407,
      0.01533,
      0.026402,
      0.023815,
      0.024052,
      0.024041,
      0.030564,
      0.045591,
      0.057376,
      0.036347,
      0.034363,
      0.050445,
      0.049122,
      0.011638,
      0.032924,
      0.017045,
      0.02377,
      0.00609,
      0.020814,
      0.011511,
      0.025275,
      0.018335,
      0.024418,
      0.009708
    ],
    "control_mean": [
      0.004933,
      0.002524,
      0.013682,
      0.002929,
      0.004215,
      0.007939,
      0.007355,
      0.009917,
      0.017196,
      0.014767,
      0.040106,
      0.04531,
      0.066407,
      0.044233,
      0.035306,
      0.066242,
      0.040424,
      0.02276,
      0.011885,
      0.017468,
      0.009943,
      0.006569,
      0.010807,
      0.007247,
      0.003891,
      0.001964,
      0.006868,
      0.005136,
      0.015026,
      0.008907,
      0.012133,
      0.010787
    ],
    "stego_vs_open": {
      "diff": -0.003951,
      "t": -22.235,
      "p": 0.0
    },
    "stego_vs_control": {
      "diff": 0.00023,
      "t": 2.231,
      "p": 0.026045
    },
    "control_vs_open": {
      "diff": -0.004181,
      "t": -24.295,
      "p": 0.0
    },
    "stego_vs_open_p_by_layer": [
      0.0,
      0.0,
      0.0,
      0.0,
      0.0,
      0.0,
      0.0,
      1e-06,
      0.0,
      0.998218,
      0.0,
      0.0,
      0.0,
      0.0,
      0.0,
      0.0,
      0.0,
      0.0,
      0.0,
      0.0,
      0.0,
      0.0,
      0.0,
      0.0,
      0.0,
      0.0,
      0.0,
      0.0,
      0.0,
      0.0,
      0.0,
      1e-06
    ],
    "stego_vs_control_p_by_layer": [
      8e-06,
      0.0,
      0.01016,
      0.031431,
      4.3e-05,
      0.000162,
      0.0,
      9e-06,
      0.087226,
      0.000469,
      0.040331,
      0.24456,
      2.9e-05,
      0.0,
      0.0,
      8.1e-05,
      0.025766,
      0.0,
      0.0,
      0.0,
      0.964579,
      7.3e-05,
      1e-06,
      0.301981,
      0.106221,
      0.018459,
      0.071625,
      0.004192,
      0.005275,
      7.4e-05,
      0.003706,
      0.005742
    ]
  },
  "scheme": {
    "stego_mean": [
      0.004686,
      0.000486,
      0.000344,
      0.000563,
      0.001084,
      0.002524,
      0.001884,
      0.003945,
      0.013289,
      0.017128,
      0.014297,
      0.02426,
      0.009953,
      0.078067,
      0.147156,
      0.110767,
      0.096857,
      0.065339,
      0.05636,
      0.034347,
      0.033024,
      0.019924,
      0.024497,
      0.018789,
      0.01461,
      0.005615,
      0.017335,
      0.011226,
      0.01285,
      0.010882,
      0.022436,
      0.015585
    ],
    "control_mean": [
      0.004535,
      0.000498,
      0.000349,
      0.000586,
      0.001115,
      0.002474,
      0.001914,
      0.004394,
      0.014924,
      0.018131,
      0.016189,
      0.026394,
      0.010251,
      0.077655,
      0.143848,
      0.112365,
      0.099394,
      0.0721,
      0.055744,
      0.038981,
      0.033007,
      0.020412,
      0.024931,
      0.018457,
      0.01461,
      0.005712,
      0.017406,
      0.010879,
      0.01369,
      0.010811,
      0.023525,
      0.015875
    ],
    "stego_vs_control": {
      "diff": -0.000658,
      "t": -12.161,
      "p": 0.0
    },
    "stego_vs_control_p_by_layer": [
      1e-06,
      0.0,
      0.00146,
      0.0,
      2e-06,
      0.00768,
      0.014227,
      0.0,
      0.0,
      0.0,
      0.0,
      0.0,
      0.0,
      0.290643,
      1e-06,
      0.0,
      0.0,
      0.0,
      0.003755,
      0.0,
      0.868686,
      0.0,
      0.0005,
      8e-06,
      0.997596,
      0.005189,
      0.270933,
      0.0,
      0.0,
      0.172503,
      0.0,
      4e-05
    ]
  }
}