{
  "experiment": "exp13c \u2014 logit lens: P(constrained letter) by layer",
  "n_triplets": 604,
  "skipped": 18,
  "logit_lens": {
    "stego_mean": 0.101665,
    "open_mean": 0.036146,
    "control_mean": 0.102585,
    "stego_vs_open": {
      "diff": 0.065519,
      "t": 72.678,
      "p": 0.0
    },
    "stego_vs_control": {
      "diff": -0.00092,
      "t": -4.217,
      "p": 2.9e-05
    },
    "control_vs_open": {
      "diff": 0.066439,
      "t": 73.124,
      "p": 0.0
    }
  },
  "key_layers": {
    "first_divergence": 16,
    "L30": {
      "stego": 0.3027,
      "control": 0.3148,
      "open": 0.0229
    },
    "L31": {
      "stego": 0.9678,
      "control": 0.9681,
      "open": 0.0114
    }
  },
  "by_layer": {
    "stego": [
      0.032074,
      0.030233,
      0.027512,
      0.028957,
      0.030362,
      0.030643,
      0.031944,
      0.031513,
      0.029507,
      0.030979,
      0.033455,
      0.033926,
      0.032992,
      0.033348,
      0.032578,
      0.033998,
      0.047258,
      0.055115,
      0.099653,
      0.089331,
      0.095819,
      0.09415,
      0.144108,
      0.126307,
      0.131216,
      0.104198,
      0.11203,
      0.118986,
      0.111385,
      0.149186,
      0.302746,
      0.967769
    ],
    "open": [
      0.034062,
      0.031311,
      0.027718,
      0.02929,
      0.027834,
      0.027743,
      0.028022,
      0.030086,
      0.027544,
      0.030057,
      0.029229,
      0.028298,
      0.028724,
      0.028066,
      0.029732,
      0.030888,
      0.029806,
      0.032455,
      0.032936,
      0.031985,
      0.028781,
      0.028426,
      0.028887,
      0.053441,
      0.047535,
      0.073432,
      0.075922,
      0.069556,
      0.059161,
      0.061462,
      0.02291,
      0.011363
    ],
    "control": [
      0.032011,
      0.030142,
      0.027483,
      0.028518,
      0.030375,
      0.030346,
      0.031986,
      0.031407,
      0.02975,
      0.031156,
      0.033305,
      0.034208,
      0.032833,
      0.033829,
      0.032509,
      0.034059,
      0.047593,
      0.055625,
      0.103192,
      0.092424,
      0.100267,
      0.096794,
      0.141691,
      0.125658,
      0.131086,
      0.105638,
      0.11271,
      0.11886,
      0.112,
      0.152294,
      0.314826,
      0.968148
    ],
    "stego_vs_control_pval": [
      0.1033,
      0.2313,
      0.7073,
      0.0,
      0.9343,
      0.0003,
      0.6222,
      0.3187,
      0.0022,
      0.0135,
      0.1195,
      0.0002,
      0.0119,
      0.0,
      0.3004,
      0.5359,
      0.2523,
      0.0004,
      0.0,
      0.0,
      0.0,
      0.0,
      0.0381,
      0.4612,
      0.8846,
      0.0077,
      0.1579,
      0.8331,
      0.3315,
      0.009,
      0.0,
      0.7432
    ]
  }
}